InputSize,Time,Trial,Algorithm,Experiment
2,3.915993147529662e-06,1,Brute Force,Comparison
2,9.212499571731314e-05,2,Brute Force,Comparison
2,1.2500022421590984e-06,3,Brute Force,Comparison
2,1.0419971658848226e-06,4,Brute Force,Comparison
2,1.0419971658848226e-06,5,Brute Force,Comparison
3,4.417001036927104e-06,1,Brute Force,Comparison
3,4.125002305954695e-06,2,Brute Force,Comparison
3,4.0000013541430235e-06,3,Brute Force,Comparison
3,3.916997229680419e-06,4,Brute Force,Comparison
3,3.916000423487276e-06,5,Brute Force,Comparison
4,2.4124994524754584e-05,1,Brute Force,Comparison
4,2.3707994841970503e-05,2,Brute Force,Comparison
4,2.370899892412126e-05,3,Brute Force,Comparison
4,2.3708002117928118e-05,4,Brute Force,Comparison
4,2.3832995793782175e-05,5,Brute Force,Comparison
5,0.00017120800475822762,1,Brute Force,Comparison
5,0.00018974999693455175,2,Brute Force,Comparison
5,0.0001941660011652857,3,Brute Force,Comparison
5,0.00019041699852095917,4,Brute Force,Comparison
5,0.00017145799938589334,5,Brute Force,Comparison
6,0.0015823330031707883,1,Brute Force,Comparison
6,0.0019821669993689284,2,Brute Force,Comparison
6,0.0016429169991170056,3,Brute Force,Comparison
6,0.0014932499980204739,4,Brute Force,Comparison
6,0.0015697499984526075,5,Brute Force,Comparison
7,0.015127250000659842,1,Brute Force,Comparison
7,0.015281125000910833,2,Brute Force,Comparison
7,0.015202374997898005,3,Brute Force,Comparison
7,0.015039541998703498,4,Brute Force,Comparison
7,0.014985874993726611,5,Brute Force,Comparison
8,0.18619070800195914,1,Brute Force,Comparison
8,0.18708329200308071,2,Brute Force,Comparison
8,0.18783866600278998,3,Brute Force,Comparison
8,0.18786350000300445,4,Brute Force,Comparison
8,0.18820858300023247,5,Brute Force,Comparison
9,2.299247834002017,1,Brute Force,Comparison
9,2.33497816700401,2,Brute Force,Comparison
9,2.3243044999981066,3,Brute Force,Comparison
9,2.3298965000067255,4,Brute Force,Comparison
9,2.337370125002053,5,Brute Force,Comparison
2,1.0750001820269972e-05,1,Matrix Baseline,Comparison
2,1.415995939169079e-06,2,Matrix Baseline,Comparison
2,6.67001586407423e-07,3,Matrix Baseline,Comparison
2,4.160028765909374e-07,4,Matrix Baseline,Comparison
2,4.170069587416947e-07,5,Matrix Baseline,Comparison
3,1.2079981388524175e-06,1,Matrix Baseline,Comparison
3,7.079943316057324e-07,2,Matrix Baseline,Comparison
3,5.409965524449944e-07,3,Matrix Baseline,Comparison
3,5.420006345957518e-07,4,Matrix Baseline,Comparison
3,5.840047379024327e-07,5,Matrix Baseline,Comparison
4,1.8749997252598405e-06,1,Matrix Baseline,Comparison
4,8.329952834174037e-07,2,Matrix Baseline,Comparison
4,7.499984349124134e-07,3,Matrix Baseline,Comparison
4,7.499984349124134e-07,4,Matrix Baseline,Comparison
4,7.499984349124134e-07,5,Matrix Baseline,Comparison
5,2.4999972083605826e-06,1,Matrix Baseline,Comparison
5,1.1250012903474271e-06,2,Matrix Baseline,Comparison
5,1.0000003385357559e-06,3,Matrix Baseline,Comparison
5,1.0419971658848226e-06,4,Matrix Baseline,Comparison
5,1.0000003385357559e-06,5,Matrix Baseline,Comparison
6,5.333000444807112e-06,1,Matrix Baseline,Comparison
6,1.4160032151266932e-06,2,Matrix Baseline,Comparison
6,1.2919990695081651e-06,3,Matrix Baseline,Comparison
6,1.2919990695081651e-06,4,Matrix Baseline,Comparison
6,1.2500022421590984e-06,5,Matrix Baseline,Comparison
7,2.0830048015341163e-06,1,Matrix Baseline,Comparison
7,1.6250050975941122e-06,2,Matrix Baseline,Comparison
7,1.5830009942874312e-06,3,Matrix Baseline,Comparison
7,1.5830009942874312e-06,4,Matrix Baseline,Comparison
7,1.582993718329817e-06,5,Matrix Baseline,Comparison
8,2.458000381011516e-06,1,Matrix Baseline,Comparison
8,2.0420047803781927e-06,2,Matrix Baseline,Comparison
8,1.958993379957974e-06,3,Matrix Baseline,Comparison
8,2.082997525576502e-06,4,Matrix Baseline,Comparison
8,1.8749997252598405e-06,5,Matrix Baseline,Comparison
9,2.959000994451344e-06,1,Matrix Baseline,Comparison
9,2.5420013116672635e-06,2,Matrix Baseline,Comparison
9,2.3750035325065255e-06,3,Matrix Baseline,Comparison
9,2.3329994291998446e-06,4,Matrix Baseline,Comparison
9,2.3749962565489113e-06,5,Matrix Baseline,Comparison
2,1.1660013115033507e-06,1,Greedy,Comparison
2,4.999965312890708e-07,2,Greedy,Comparison
2,2.500019036233425e-07,3,Greedy,Comparison
2,1.6600097296759486e-07,4,Greedy,Comparison
2,2.0800507627427578e-07,5,Greedy,Comparison
3,3.7500285543501377e-07,1,Greedy,Comparison
3,2.9200600693002343e-07,2,Greedy,Comparison
3,2.4999462766572833e-07,3,Greedy,Comparison
3,2.500019036233425e-07,4,Greedy,Comparison
3,2.910019247792661e-07,5,Greedy,Comparison
4,4.579997039400041e-07,1,Greedy,Comparison
4,2.500019036233425e-07,2,Greedy,Comparison
4,3.3299875212833285e-07,3,Greedy,Comparison
4,2.9199873097240925e-07,4,Greedy,Comparison
4,2.500019036233425e-07,5,Greedy,Comparison
5,4.159956006333232e-07,1,Greedy,Comparison
5,3.3299875212833285e-07,2,Greedy,Comparison
5,2.9099464882165194e-07,3,Greedy,Comparison
5,3.3299875212833285e-07,4,Greedy,Comparison
5,2.9200600693002343e-07,5,Greedy,Comparison
6,5.420006345957518e-07,1,Greedy,Comparison
6,4.169996827840805e-07,2,Greedy,Comparison
6,4.160028765909374e-07,3,Greedy,Comparison
6,3.749955794773996e-07,4,Greedy,Comparison
6,3.749955794773996e-07,5,Greedy,Comparison
7,5.410038284026086e-07,1,Greedy,Comparison
7,4.579997039400041e-07,2,Greedy,Comparison
7,3.7500285543501377e-07,3,Greedy,Comparison
7,4.580069798976183e-07,4,Greedy,Comparison
7,4.999965312890708e-07,5,Greedy,Comparison
8,6.249974831007421e-07,1,Greedy,Comparison
8,5.420006345957518e-07,2,Greedy,Comparison
8,4.5899651013314724e-07,3,Greedy,Comparison
8,5.00003807246685e-07,4,Greedy,Comparison
8,4.590037860907614e-07,5,Greedy,Comparison
9,6.659975042566657e-07,1,Greedy,Comparison
9,5.829933797940612e-07,2,Greedy,Comparison
9,4.999965312890708e-07,3,Greedy,Comparison
9,5.409965524449944e-07,4,Greedy,Comparison
9,4.999965312890708e-07,5,Greedy,Comparison
100,0.0010500000062165782,1,Matrix Baseline,Scalability
100,0.0018319170048926026,2,Matrix Baseline,Scalability
100,0.0002909579998231493,3,Matrix Baseline,Scalability
100,0.00029437500052154064,4,Matrix Baseline,Scalability
100,0.00029350000113481656,5,Matrix Baseline,Scalability
500,0.016859374998603016,1,Matrix Baseline,Scalability
500,0.008805541001493111,2,Matrix Baseline,Scalability
500,0.008550624996132683,3,Matrix Baseline,Scalability
500,0.008624499998404644,4,Matrix Baseline,Scalability
500,0.00850887499836972,5,Matrix Baseline,Scalability
1000,0.03684020799846621,1,Matrix Baseline,Scalability
1000,0.036513667000690475,2,Matrix Baseline,Scalability
1000,0.03662754100514576,3,Matrix Baseline,Scalability
1000,0.03618729199661175,4,Matrix Baseline,Scalability
1000,0.036343874999147374,5,Matrix Baseline,Scalability
2000,0.1495374579972122,1,Matrix Baseline,Scalability
2000,0.1417347089955001,2,Matrix Baseline,Scalability
2000,0.14258779199735727,3,Matrix Baseline,Scalability
2000,0.16125720800482668,4,Matrix Baseline,Scalability
2000,0.15239629199641058,5,Matrix Baseline,Scalability
3000,0.3612359580001794,1,Matrix Baseline,Scalability
3000,0.34409354200033704,2,Matrix Baseline,Scalability
3000,0.332270332997723,3,Matrix Baseline,Scalability
3000,0.33248949999688193,4,Matrix Baseline,Scalability
3000,0.36116833300184226,5,Matrix Baseline,Scalability
100,1.6917001630645245e-05,1,Greedy,Scalability
100,8.333998266607523e-06,2,Greedy,Scalability
100,7.250004273373634e-06,3,Greedy,Scalability
100,6.791997293476015e-06,4,Greedy,Scalability
100,6.832997314631939e-06,5,Greedy,Scalability
500,6.787500024074689e-05,1,Greedy,Scalability
500,5.2249997679609805e-05,2,Greedy,Scalability
500,4.587500006891787e-05,3,Greedy,Scalability
500,4.629199975170195e-05,4,Greedy,Scalability
500,4.3000000005122274e-05,5,Greedy,Scalability
1000,0.00013629200111608952,1,Greedy,Scalability
1000,0.0001263329977518879,2,Greedy,Scalability
1000,0.0001150840034824796,3,Greedy,Scalability
1000,0.0001079580033547245,4,Greedy,Scalability
1000,9.824999870033935e-05,5,Greedy,Scalability
2000,0.00032733399712014943,1,Greedy,Scalability
2000,0.0002656249998835847,2,Greedy,Scalability
2000,0.00025491599808447063,3,Greedy,Scalability
2000,0.00024212500284193084,4,Greedy,Scalability
2000,0.00023345799854723737,5,Greedy,Scalability
3000,0.0004875410013482906,1,Greedy,Scalability
3000,0.0004580829991027713,2,Greedy,Scalability
3000,0.0004296670012990944,3,Greedy,Scalability
3000,0.000415082999097649,4,Greedy,Scalability
3000,0.00043024999467888847,5,Greedy,Scalability
5000,0.0007837080047465861,1,Greedy,Scalability
5000,0.0007263750012498349,2,Greedy,Scalability
5000,0.0007280409990926273,3,Greedy,Scalability
5000,0.0007174169950303622,4,Greedy,Scalability
5000,0.0007143330003600568,5,Greedy,Scalability
10000,0.001707458999590017,1,Greedy,Scalability
10000,0.0016070419951574877,2,Greedy,Scalability
10000,0.0016414999990956858,3,Greedy,Scalability
10000,0.0016372079990105703,4,Greedy,Scalability
10000,0.0016151250019902363,5,Greedy,Scalability
20000,0.0033711249998304993,1,Greedy,Scalability
20000,0.0033170419992529787,2,Greedy,Scalability
20000,0.0033296670007985085,3,Greedy,Scalability
20000,0.003285750004579313,4,Greedy,Scalability
20000,0.003429542004596442,5,Greedy,Scalability
50000,0.008765124999627005,1,Greedy,Scalability
50000,0.00862583400157746,2,Greedy,Scalability
50000,0.008554916006687563,3,Greedy,Scalability
50000,0.008469459004118107,4,Greedy,Scalability
50000,0.008637625003757421,5,Greedy,Scalability
100000,0.017390209002769552,1,Greedy,Scalability
100000,0.01726858300389722,2,Greedy,Scalability
100000,0.01727170799858868,3,Greedy,Scalability
100000,0.01705966699955752,4,Greedy,Scalability
100000,0.017037332996551413,5,Greedy,Scalability
